<?xml version="1.0" encoding="UTF-8"?>
<!DOCTYPE hibernate-configuration PUBLIC 
"-//Hibernate/Hibernate Configuration DTD 3.0//EN" 
"http://hibernate.sourceforge.net/hibernate-configuration-3.0.dtd">
<hibernate-configuration>
	<session-factory>
		<property name="hibernate.connection.driver_class">
			com.mysql.jdbc.Driver
		</property>
		<property name="hibernate.connection.password">
			mca016
		</property>
		<property name="hibernate.connection.url">
			jdbc:mysql://172.16.34.43:3306/db_mca016
		</property>
		<property name="hibernate.connection.username">
			mca016
		</property>
		<property name="hibernate.dialect">
			org.hibernate.dialect.MySQLDialect
		</property>
		<mapping class="hibe_practice.Student" />
		<mapping resource="student.hbm.xml" />
	</session-factory>
</hibernate-configuration>


<!-- 
<?xml version="1.0" encoding="UTF-8"?>
<!DOCTYPE hibernate-configuration PUBLIC 
"-//Hibernate/Hibernate Configuration DTD 3.0//EN" 
"http://hibernate.sourceforge.net/hibernate-configuration-3.0.dtd">
<hibernate-configuration>
	<session-factory>
		<property name="hibernate.connection.driver_class">
			com.mysql.jdbc.Driver
		</property>
		<property name="hibernate.connection.password">
			root
		</property>
		<property name="hibernate.connection.url">
			jdbc:mysql://localhost:3306/student1
		</property>
		<property name="hibernate.connection.username">
			root
		</property>
		<property name="hibernate.dialect">
			org.hibernate.dialect.MySQLDialect
		</property>
		<mapping class="hibe_practice.Student" />
		<mapping resource="student.hbm.xml" />
	</session-factory>
</hibernate-configuration>

 -->

<!-- 
#spring.datasource.url=jdbc:mysql://172.16.34.43:3306/db_mca016
#spring.datasource.driverClassName=com.mysql.cj.jdbc.Driver
#spring.datasource.username=mca016
#spring.datasource.password=mca016
#spring.jpa.show-sql: true
#spring.jpa.hibernate.ddl-auto=update
 -->